{"cameraMode":{"drawMode":0,"name":"Shaded","section":"Shading Mode"},"sceneLighting":false,"audioPlay":false,"sceneViewState":{"showFog":true,"showMaterialUpdate":false,"showSkybox":true,"showFlares":true,"showImageEffects":true,"showParticleSystems":true},"in2DMode":false,"pivot":{"x":7.150000095367432,"y":1.1700000762939454,"z":-1.4823415279388428},"rotation":{"x":-0.0029996787197887899,"y":-0.0015002035070210696,"z":-0.000004478522441786481,"w":0.999997079372406},"size":7.600411415100098,"orthographic":true}